{
    "RMSE_loss_train": 103.76460740541546,
    "RMSE_loss_val": 106.38753965455729,
    "RMSE_loss_test": 108.18890362318818,
    "R_squared_train": 0.33791446714901285,
    "R_squared_val": 0.294398460259809,
    "R_squared_test": 0.26590520266029616,
    "training_duration": 0.0,
    "inference_latency": [
        3.790855407714844e-05,
        2.6226043701171875e-05,
        2.2172927856445312e-05,
        2.09808349609375e-05,
        1.5735626220703125e-05
    ]
}