{
    "RMSE_loss_train": 310.0354440422901,
    "RMSE_loss_val": 185.3851881050641,
    "RMSE_loss_test": 181.97256833105368,
    "R_squared_train": -0.4199706468159592,
    "R_squared_val": -1.5127119513753309,
    "R_squared_test": -2.0614500006899528,
    "training_duration": 0.0,
    "inference_latency": [
        4.9114227294921875e-05,
        2.4080276489257812e-05,
        2.288818359375e-05,
        2.002716064453125e-05,
        2.002716064453125e-05
    ]
}