{
    "test_accuracy": 0.27715355805243447,
    "test_precision": 0.3065240991783285,
    "test_recall": 0.27715355805243447,
    "test_f1": 0.2557126180286417,
    "validation_accuracy": 0.3258426966292135
}