{
    "test_accuracy": 0.3063973063973064,
    "test_precision": 0.3289743115489525,
    "test_recall": 0.3063973063973064,
    "test_f1": 0.28834559290978407,
    "validation_accuracy": 0.3333333333333333
}