{
    "RMSE_loss_train": 278.22609117855933,
    "RMSE_loss_val": 140.501883606146,
    "RMSE_loss_test": 133.09516244261096,
    "R_squared_train": -0.14354294204497853,
    "R_squared_val": -0.443300994116375,
    "R_squared_test": -0.6377209142223677,
    "training_duration": 0.0,
    "inference_latency": [
        3.600120544433594e-05,
        2.7179718017578125e-05,
        2.3126602172851562e-05,
        2.2172927856445312e-05,
        2.2172927856445312e-05
    ]
}