{
    "RMSE_loss_train": 234.74681341021437,
    "RMSE_loss_val": 103.82394296506226,
    "RMSE_loss_test": 115.9932859385081,
    "R_squared_train": 0.18594057950997978,
    "R_squared_val": 0.2118885856621846,
    "R_squared_test": -0.24388733901061665,
    "training_duration": 0.0,
    "inference_latency": [
        4.1961669921875e-05,
        2.5033950805664062e-05,
        2.2172927856445312e-05,
        2.09808349609375e-05,
        2.0265579223632812e-05
    ]
}