{
    "RMSE_loss_train": 116.7390628241571,
    "RMSE_loss_val": 117.6988800591896,
    "RMSE_loss_test": 114.44271390361642,
    "R_squared_train": 0.16199235291595626,
    "R_squared_val": 0.13638003491198303,
    "R_squared_test": 0.17858415708004738,
    "training_duration": 0.0,
    "inference_latency": [
        4.291534423828125e-05,
        2.47955322265625e-05,
        2.4080276489257812e-05,
        2.3126602172851562e-05,
        1.7881393432617188e-05
    ]
}