{
    "RMSE_loss_train": 236.1016895587577,
    "RMSE_loss_val": 99.91912256764218,
    "RMSE_loss_test": 102.18369163392708,
    "R_squared_train": 0.17651646227190843,
    "R_squared_val": 0.2700554605689858,
    "R_squared_test": 0.03466398518561531,
    "training_duration": 0.0,
    "inference_latency": [
        2.5033950805664062e-05,
        2.09808349609375e-05,
        2.1219253540039062e-05,
        2.193450927734375e-05,
        2.288818359375e-05
    ],
    "hey": "pls"
}