{
    "RMSE_loss_train": 243.7735325178884,
    "RMSE_loss_val": 108.37074674468198,
    "RMSE_loss_test": 105.75087266927163,
    "R_squared_train": 0.12213087142300894,
    "R_squared_val": 0.1413488039209203,
    "R_squared_test": -0.033911192581220995,
    "training_duration": 0.0,
    "inference_latency": [
        2.9325485229492188e-05,
        2.4080276489257812e-05,
        2.09808349609375e-05,
        2.002716064453125e-05,
        2.09808349609375e-05
    ]
}