{
    "test_RMSE": 87.17681199762715,
    "test_R2": 0.19822610859349965,
    "MSE": 7599.796550069629
}