{
    "test_RMSE": 87.10819389666612,
    "test_R2": 0.1994877869814381,
    "MSE": 7587.837443939182
}