{
    "test_RMSE": 87.07504652952707,
    "test_R2": 0.200096910471821,
    "MSE": 7582.063728119305
}