{
    "test_accuracy": 0.27340823970037453,
    "test_precision": 0.265771365390872,
    "test_recall": 0.27340823970037453,
    "test_f1": 0.263256433361621,
    "validation_accuracy": 0.2808988764044944
}