{
    "test_accuracy": 0.3333333333333333,
    "test_precision": 0.342719495042984,
    "test_recall": 0.3333333333333333,
    "test_f1": 0.3329661448597848,
    "validation_accuracy": 0.3333333333333333
}