{
    "RMSE_loss_train": 198.22482697999763,
    "RMSE_loss_val": 30883.4033203125,
    "RMSE_loss_test": "RMSE_loss",
    "R_squared_train": -1.0333852460666515,
    "R_squared_val": -1.1618505611658259,
    "R_squared_test": "R_squared",
    "training_duration": 0.0013549327850341797,
    "inference_latency": 2.193450927734375e-05
}