{
    "RMSE_loss_train": 193.59796454250235,
    "RMSE_loss_val": 192.83386226879344,
    "RMSE_loss_test": 198.17583141304087,
    "R_squared_train": -1.3047144696100639,
    "R_squared_val": -1.3181661879256916,
    "R_squared_test": -1.4631343955489546,
    "training_duration": 7.152557373046875e-07,
    "inference_latency": [
        2.4080276489257812e-05,
        2.09808349609375e-05,
        2.0265579223632812e-05,
        2.09808349609375e-05,
        1.5735626220703125e-05
    ]
}