{
    "RMSE_loss_train": 107.1686845730832,
    "RMSE_loss_val": 109.94443287548715,
    "RMSE_loss_test": 107.96572897365395,
    "R_squared_train": 0.2937615243301438,
    "R_squared_val": 0.24642828314527976,
    "R_squared_test": 0.26893059866089697,
    "training_duration": 0.0,
    "inference_latency": [
        2.5987625122070312e-05,
        2.3126602172851562e-05,
        2.193450927734375e-05,
        2.002716064453125e-05,
        1.621246337890625e-05
    ]
}