{
    "RMSE_loss_train": 118.59963341796214,
    "RMSE_loss_val": 119.22551586305886,
    "RMSE_loss_test": 116.29861214778103,
    "R_squared_train": 0.13506741146584877,
    "R_squared_val": 0.11383120426090332,
    "R_squared_test": 0.15172669547914774,
    "training_duration": 0.0,
    "inference_latency": [
        3.0994415283203125e-05,
        2.3126602172851562e-05,
        2.09808349609375e-05,
        2.09808349609375e-05,
        1.4781951904296875e-05
    ]
}