{
    "RMSE_loss_train": 137.5969757457445,
    "RMSE_loss_val": 13785.03173828125,
    "RMSE_loss_test": 99.71731039387043,
    "R_squared_train": 0.15559179598883277,
    "R_squared_val": -0.1755299286640702,
    "R_squared_test": 0.08070171165596807,
    "training_duration": 0.0011780261993408203,
    "inference_latency": 2.1457672119140625e-05
}