{
    "test_accuracy": 0.3265993265993266,
    "test_precision": 0.333425622900284,
    "test_recall": 0.3265993265993266,
    "test_f1": 0.3229643994138011,
    "validation_accuracy": 0.31986531986531985
}