{
    "test_RMSE": 100.47789830376551,
    "test_R2": -0.06510157894904745,
    "MSE": 10095.808047541845
}