{
    "RMSE_loss_train": 189.32769623723837,
    "RMSE_loss_val": 188.61779310287776,
    "RMSE_loss_test": 193.83931409159496,
    "R_squared_train": -1.2041638340137415,
    "R_squared_val": -1.217906484972557,
    "R_squared_test": -1.3565162077039328,
    "training_duration": 0.0,
    "inference_latency": [
        4.506111145019531e-05,
        2.2172927856445312e-05,
        2.09808349609375e-05,
        1.9073486328125e-05,
        1.5974044799804688e-05
    ]
}