{
    "RMSE_loss_train": 236.01323287847654,
    "RMSE_loss_val": 99.59432361773938,
    "RMSE_loss_test": 100.759939607403,
    "R_squared_train": 0.17713340858942817,
    "R_squared_val": 0.2747933189070364,
    "R_squared_test": 0.061377016497572545,
    "training_duration": 0.0,
    "inference_latency": [
        2.9802322387695312e-05,
        2.4080276489257812e-05,
        2.002716064453125e-05,
        2.2172927856445312e-05,
        2.09808349609375e-05
    ]
}