{
    "RMSE_loss_train": 105.13760514499558,
    "RMSE_loss_val": 105.59221477131968,
    "RMSE_loss_test": 106.46765390542332,
    "R_squared_train": 0.32027739058673643,
    "R_squared_val": 0.30490880441529356,
    "R_squared_test": 0.28907774941866116,
    "training_duration": 0.0,
    "inference_latency": [
        2.288818359375e-05,
        2.09808349609375e-05,
        1.9073486328125e-05,
        1.8835067749023438e-05,
        1.621246337890625e-05
    ]
}