{
    "RMSE_loss_train": 103.74687965940228,
    "RMSE_loss_val": 106.12840928711077,
    "RMSE_loss_test": 106.81876718740719,
    "R_squared_train": 0.33814073815060963,
    "R_squared_val": 0.29783156705181657,
    "R_squared_test": 0.2843809861410125,
    "training_duration": 0.0,
    "inference_latency": [
        2.384185791015625e-05,
        2.09808349609375e-05,
        2.09808349609375e-05,
        2.002716064453125e-05,
        1.71661376953125e-05
    ]
}