{
    "RMSE_loss_train": 238.48100848128348,
    "RMSE_loss_val": 115.19030195317009,
    "RMSE_loss_test": 120.60554814015606,
    "R_squared_train": 0.1598354654808104,
    "R_squared_val": 0.029882283799125497,
    "R_squared_test": -0.3447759420528522,
    "training_duration": 0.0,
    "inference_latency": [
        4.57763671875e-05,
        2.384185791015625e-05,
        2.193450927734375e-05,
        2.002716064453125e-05,
        1.9788742065429688e-05
    ]
}