{
    "RMSE_loss_train": 306.2618620151716,
    "RMSE_loss_val": 180.00844164232964,
    "RMSE_loss_test": 176.27114234893924,
    "R_squared_train": -0.38561492908016604,
    "R_squared_val": -1.3690724265949465,
    "R_squared_test": -1.8726174530528086,
    "training_duration": 0.0,
    "inference_latency": [
        4.124641418457031e-05,
        2.3126602172851562e-05,
        2.09808349609375e-05,
        2.09808349609375e-05,
        1.9788742065429688e-05
    ]
}