{
    "RMSE_loss_train": 237.04870774537034,
    "RMSE_loss_val": 98.8779975446383,
    "RMSE_loss_test": 95.53543088659568,
    "R_squared_train": 0.16989727291284196,
    "R_squared_val": 0.2851877903322695,
    "R_squared_test": 0.15619075515449554,
    "training_duration": 0.0,
    "inference_latency": [
        2.288818359375e-05,
        2.09808349609375e-05,
        1.9073486328125e-05,
        1.9073486328125e-05,
        1.7881393432617188e-05
    ]
}