{
    "test_accuracy": 0.36363636363636365,
    "test_precision": 0.36640687993344995,
    "test_recall": 0.36363636363636365,
    "test_f1": 0.3506085968172827,
    "validation_accuracy": 0.36363636363636365
}