{
    "test_accuracy": 0.31086142322097376,
    "test_precision": 0.34066412565284415,
    "test_recall": 0.31086142322097376,
    "test_f1": 0.28157762940871167,
    "validation_accuracy": 0.31086142322097376
}