{
    "RMSE_loss_train": 111.18766687733401,
    "RMSE_loss_val": 113.14865084259732,
    "RMSE_loss_test": 108.64035870275144,
    "R_squared_train": 0.23979837242276492,
    "R_squared_val": 0.20186429205444434,
    "R_squared_test": 0.2597658979748323,
    "training_duration": 0.0,
    "inference_latency": [
        3.5762786865234375e-05,
        2.9087066650390625e-05,
        2.6226043701171875e-05,
        2.6941299438476562e-05,
        1.8835067749023438e-05
    ]
}