{
    "RMSE_loss_train": 236.26001962879798,
    "RMSE_loss_val": 99.2674142468212,
    "RMSE_loss_test": 99.2759038141935,
    "R_squared_train": 0.1754117463449245,
    "R_squared_val": 0.27954632837339055,
    "R_squared_test": 0.08882230560217896,
    "training_duration": 0.0,
    "inference_latency": [
        2.4080276489257812e-05,
        2.002716064453125e-05,
        1.8835067749023438e-05,
        2.002716064453125e-05,
        1.8835067749023438e-05
    ]
}