{
    "RMSE_loss_train": 114.66388551163352,
    "RMSE_loss_val": 116.08018510925972,
    "RMSE_loss_test": 112.1062815339756,
    "R_squared_train": 0.19152070208921712,
    "R_squared_val": 0.15997122158113442,
    "R_squared_test": 0.21178146590213243,
    "training_duration": 0.0,
    "inference_latency": [
        4.00543212890625e-05,
        2.3126602172851562e-05,
        2.3126602172851562e-05,
        2.09808349609375e-05,
        1.6927719116210938e-05
    ]
}