{
    "RMSE_loss_train": 105.48086504492177,
    "RMSE_loss_val": 107.39970794012896,
    "RMSE_loss_test": 107.7122405198801,
    "R_squared_train": 0.31583170451737674,
    "R_squared_val": 0.28090837028085236,
    "R_squared_test": 0.27235944630533526,
    "training_duration": 0.0,
    "inference_latency": [
        4.100799560546875e-05,
        2.4080276489257812e-05,
        2.09808349609375e-05,
        1.9073486328125e-05,
        1.5735626220703125e-05
    ]
}