{
    "RMSE_loss_train": 113.45225024624897,
    "RMSE_loss_val": 115.08042788768427,
    "RMSE_loss_test": 111.41068101286339,
    "R_squared_train": 0.2085166053037547,
    "R_squared_val": 0.17437843830777422,
    "R_squared_test": 0.22153263299343562,
    "training_duration": 0.0,
    "inference_latency": [
        4.506111145019531e-05,
        2.574920654296875e-05,
        2.4080276489257812e-05,
        2.09808349609375e-05,
        1.6927719116210938e-05
    ]
}