{
    "RMSE_loss_train": 109.04241398132655,
    "RMSE_loss_val": 110.82424676881409,
    "RMSE_loss_test": 107.1719968744751,
    "R_squared_train": 0.268850060503219,
    "R_squared_val": 0.2343195193523534,
    "R_squared_test": 0.27964028772644955,
    "training_duration": 0.0,
    "inference_latency": [
        4.100799560546875e-05,
        2.3126602172851562e-05,
        2.09808349609375e-05,
        1.9073486328125e-05,
        1.5974044799804688e-05
    ]
}