{
    "test_RMSE": 115.00036461229207,
    "test_R2": -0.39523826480356883,
    "MSE": 13225.083860960118
}