{
    "test_RMSE": 109.83191997024818,
    "test_R2": -0.2726444706294644,
    "MSE": 12063.050644351
}