{
    "test_RMSE": 124.99028089773674,
    "test_R2": -0.6481716208886514,
    "MSE": 15622.570318895132
}