{
    "RMSE_loss_train": 250.61773680248572,
    "RMSE_loss_val": 118.10533483796361,
    "RMSE_loss_test": 106.85658649856357,
    "R_squared_train": 0.07214465231704259,
    "R_squared_val": -0.019839158979624072,
    "R_squared_test": -0.05564511119565285,
    "training_duration": 0.0,
    "inference_latency": [
        3.409385681152344e-05,
        2.6226043701171875e-05,
        2.5033950805664062e-05,
        2.09808349609375e-05,
        2.09808349609375e-05
    ]
}