{
    "RMSE_loss_train": 234.72730188454858,
    "RMSE_loss_val": 102.5392264879641,
    "RMSE_loss_test": 106.13382435338416,
    "R_squared_train": 0.18607590092827964,
    "R_squared_val": 0.23127200669356063,
    "R_squared_test": -0.04141291298594085,
    "training_duration": 0.0,
    "inference_latency": [
        4.00543212890625e-05,
        2.4080276489257812e-05,
        2.5033950805664062e-05,
        2.47955322265625e-05,
        2.2649765014648438e-05
    ]
}