{
    "test_RMSE": 92.02574961447901,
    "test_R2": 0.10655325421367334,
    "MSE": 8468.738592106783
}