{
    "test_RMSE": 127.76434407996356,
    "test_R2": -0.7221432874503322,
    "MSE": 16323.727618183322
}