{
    "test_RMSE": 91.97308026350167,
    "test_R2": 0.10757565923019796,
    "MSE": 8459.04749315652
}