{
    "RMSE_loss_train": 299.52737510534826,
    "RMSE_loss_val": 170.84367854854918,
    "RMSE_loss_test": 166.3770132766994,
    "R_squared_train": -0.3253474089568036,
    "R_squared_val": -1.1339805908417984,
    "R_squared_test": -1.5591867743059256,
    "training_duration": 0.0,
    "inference_latency": [
        4.1961669921875e-05,
        2.6941299438476562e-05,
        2.1219253540039062e-05,
        2.288818359375e-05,
        2.09808349609375e-05
    ]
}