{
    "RMSE_loss_train": 246.8681961087738,
    "RMSE_loss_val": 106.04825976147605,
    "RMSE_loss_test": 95.05318720820202,
    "R_squared_train": 0.09970048624321448,
    "R_squared_val": 0.17775790808785563,
    "R_squared_test": 0.16468796643469708,
    "training_duration": 0.0,
    "inference_latency": [
        3.814697265625e-05,
        2.4080276489257812e-05,
        2.2172927856445312e-05,
        2.09808349609375e-05,
        2.002716064453125e-05
    ]
}