{
    "test_RMSE": 128.79202413823532,
    "test_R2": -0.749959030908445,
    "MSE": 16587.385481623787
}